{
  "player_build_data": [
    {
      "type": "il2cppData",
      "msg": {
        "build_event_id": "b8101d8016fea4cf8937181fae91d505",
        "node_executed": true,
        "attribute_total_count_eager_static_constructor": 9,
        "attribute_total_count_set_option": 0,
        "attribute_total_count_generate_into_own_cpp_file": 0,
        "extra_types_total_count": 0,
        "option_extra_types_file_count": 0,
        "option_jobs": 4,
        "option_debug_assembly_name_count": 0,
        "option_additional_cpp_count": 0,
        "option_emit_null_checks": false,
        "option_enable_stacktrace": false,
        "option_enable_deep_profiler": false,
        "option_enable_stats": false,
        "option_enable_array_bounds_check": false,
        "option_enable_divide_by_zero_check": false,
        "option_disable_generic_sharing": false,
        "option_maximum_recursive_generic_depth": 7,
        "option_generic_virtual_method_iterations": 1,
        "option_code_generation_option": [
          "EnableInlining"
        ],
        "option_file_generation_option": [],
        "option_generics_option": [],
        "option_feature": [],
        "option_diagnostic_option": [],
        "option_convert_to_cpp": true,
        "option_compile_cpp": false,
        "option_development_mode": false,
        "option_enable_debugger": false,
        "option_generate_usym_file": false
      },
      "version": 1
    },
    {
      "type": "playerBuildTimingData",
      "msg": {
        "build_event_id": "b8101d8016fea4cf8937181fae91d505",
        "build_player": 502298,
        "preprocess_player": 94,
        "produce_player_script_assemblies": 21898,
        "build_scripts_dlls": 281,
        "writing_asset_files": 6380,
        "postprocess_built_player": 460823,
        "node_summary_table": [
          {
            "name": "Csc",
            "duration": 1644
          },
          {
            "name": "Csc",
            "duration": 281
          },
          {
            "name": "Csc",
            "duration": 463
          },
          {
            "name": "Csc",
            "duration": 5224
          },
          {
            "name": "Csc",
            "duration": 482
          },
          {
            "name": "Csc",
            "duration": 413
          },
          {
            "name": "Csc",
            "duration": 360
          },
          {
            "name": "Csc",
            "duration": 1567
          },
          {
            "name": "Csc",
            "duration": 3401
          },
          {
            "name": "Csc",
            "duration": 1406
          },
          {
            "name": "Csc",
            "duration": 657
          },
          {
            "name": "Csc",
            "duration": 390
          },
          {
            "name": "Csc",
            "duration": 649
          },
          {
            "name": "Csc",
            "duration": 395
          },
          {
            "name": "Csc",
            "duration": 2837
          },
          {
            "name": "Csc",
            "duration": 299
          },
          {
            "name": "Csc",
            "duration": 358
          },
          {
            "name": "Csc",
            "duration": 495
          },
          {
            "name": "Csc",
            "duration": 525
          },
          {
            "name": "Csc",
            "duration": 1254
          },
          {
            "name": "Csc",
            "duration": 396
          },
          {
            "name": "Csc",
            "duration": 929
          },
          {
            "name": "Csc",
            "duration": 1059
          },
          {
            "name": "Csc",
            "duration": 527
          },
          {
            "name": "Csc",
            "duration": 1248
          },
          {
            "name": "Csc",
            "duration": 489
          },
          {
            "name": "Csc",
            "duration": 362
          },
          {
            "name": "Csc",
            "duration": 918
          },
          {
            "name": "Csc",
            "duration": 242
          },
          {
            "name": "Csc",
            "duration": 274
          },
          {
            "name": "Csc",
            "duration": 496
          },
          {
            "name": "Csc",
            "duration": 591
          },
          {
            "name": "Csc",
            "duration": 477
          },
          {
            "name": "Csc",
            "duration": 416
          },
          {
            "name": "Csc",
            "duration": 420
          }
        ]
      },
      "version": 1
    },
    {
      "type": "unityLinkerData",
      "msg": {
        "build_event_id": "b8101d8016fea4cf8937181fae91d505",
        "node_executed": true,
        "attribute_marked_count_always_link_assembly": 0,
        "attribute_swept_count_always_link_assembly": 0,
        "attribute_total_count_always_link_assembly": 0,
        "attribute_marked_count_preserve": 2,
        "attribute_total_count_preserve": 2,
        "attribute_total_count_preserve_body": 0,
        "attribute_marked_count_required_member": 0,
        "attribute_swept_count_required_member": 8,
        "attribute_total_count_required_member": 8,
        "attribute_marked_count_require_derived": 0,
        "attribute_swept_count_require_derived": 0,
        "attribute_total_count_require_derived": 0,
        "attribute_marked_count_require_implementors": 0,
        "attribute_swept_count_require_implementors": 0,
        "attribute_total_count_require_implementors": 0,
        "attribute_total_count_required_interface": 0,
        "attribute_marked_count_require_attribute_usages": 0,
        "attribute_total_count_require_attribute_usages": 0,
        "attribute_total_count_dynamic_dependency": 0,
        "attribute_marked_count_dynamic_dependency": 11,
        "attribute_swept_count_dynamic_dependency": -11,
        "assembly_counts_total_in": 87,
        "assembly_counts_link": 24,
        "assembly_counts_copy": 3,
        "assembly_counts_delete": 60,
        "assembly_counts_total_out": 27,
        "unresolved_stubbing_total_count": 0,
        "unresolved_stubbing_missing_interface_method_count": 0,
        "unresolved_stubbing_missing_abstract_class_method_count": 0,
        "unresolved_stubbing_missing_type_count": 0,
        "unresolved_stubbing_missing_method_count": 0,
        "unrecognized_reflection_access_total_count": 188,
        "unrecognized_reflection_access_core_count": 157,
        "unrecognized_reflection_access_unity_count": 31,
        "unrecognized_reflection_access_user_count": 0,
        "recognized_reflection_access_total_count": 30,
        "recognized_reflection_access_core_count": 29,
        "recognized_reflection_access_unity_count": 1,
        "recognized_reflection_access_user_count": 0,
        "link_xml_total_count": 8,
        "link_xml_embedded_count": 1,
        "link_xml_embedded_unity_count": 0,
        "link_xml_embedded_user_count": 0,
        "link_xml_file_count": 7,
        "link_xml_assembly_preserve_all_total_count": 0,
        "link_xml_assembly_preserve_all_unity_count": 0,
        "link_xml_assembly_preserve_all_core_count": 0,
        "link_xml_assembly_preserve_all_user_count": 0,
        "engine_module_total_in": 63,
        "engine_module_deleted": 44,
        "engine_module_total_out": 19,
        "option_rule_set": "Minimal",
        "option_enable_report": false,
        "option_enable_snapshot": false,
        "option_enable_engine_module_stripping": true,
        "option_unity_root_strategy": "AllNonEngineAndNonClassLibraries",
        "option_enable_ildump": false
      },
      "version": 1
    }
  ]
}